PRODUCT,avg_credit_limit,min_limit,max_limit,accounts
Brokerage,9960.863697705803,5000,10000,740
Commodity,9963.888888888889,7000,10000,719
CurrencyService,9946.091644204851,3000,10000,741
Derivatives,9951.84135977337,5000,10000,706
InvestmentFund,9951.923076923076,3000,10000,728
InvestmentStock,9955.899198167239,3000,10000,1745
